Alias1,Alias2,commonWordsCount,commonWords
ramranch,Ty29,0,
ramranch,Mintchoco,1,['game']
ramranch,SannyKuro,0,
ramranch,DrPavel,1,['game']
ramranch,Reisen,0,
ramranch,GGer,0,
ramranch,Aaron,0,
ramranch,DiscoTechLola,0,
ramranch,Frieren,0,
ramranch,Sam Vimes,0,
ramranch,YellowShyGuy,0,
ramranch,John Wick,1,['game']
ramranch,MGH552200,0,
ramranch,"Bond, Jan Bond",1,['art']
ramranch,Windy65,0,
ramranch,BlenderBender,0,
ramranch,cyan,0,
ramranch,ghostcat,2,"['computer', 'game']"
ramranch,tpain,2,"['computer', 'game']"
ramranch,Shadowheart,1,['game']
ramranch,blackcat,0,
ramranch,sackboy,3,"['art', 'development', 'game']"
ramranch,Kanelbulle,2,"['art', 'game']"
ramranch,numpy,0,
ramranch,gallopinto,1,['development']
ramranch,tofu,1,['development']
ramranch,kattmat,0,
ramranch,w,0,
ramranch,Croco,0,
ramranch,Weissach,0,
ramranch,SargeSmoke,3,"['art', 'development', 'game']"
ramranch,BirdMaster,1,['game']
ramranch,Beowulf,2,"['art', 'game']"
ramranch,Kakka,0,
ramranch,stellarise,1,['game']
ramranch,Bebocchia ,0,
ramranch,kapybara,1,['development']
ramranch,Flower,1,['art']
ramranch,matcha,0,
ramranch,Rookie9,0,
ramranch,tjsol,1,['development']
ramranch,Caterpillar Fungus,2,"['computer', 'game']"
ramranch,ramranch,0,
Caterpillar Fungus,Ty29,1,['cycle']
Caterpillar Fungus,Mintchoco,2,"['travel', 'game']"
Caterpillar Fungus,SannyKuro,0,
Caterpillar Fungus,DrPavel,1,['game']
Caterpillar Fungus,Reisen,0,
Caterpillar Fungus,GGer,0,
Caterpillar Fungus,Aaron,1,['football']
Caterpillar Fungus,DiscoTechLola,0,
Caterpillar Fungus,Frieren,1,['travel']
Caterpillar Fungus,Sam Vimes,0,
Caterpillar Fungus,YellowShyGuy,1,['cycle']
Caterpillar Fungus,John Wick,2,"['learn', 'game']"
Caterpillar Fungus,MGH552200,0,
Caterpillar Fungus,"Bond, Jan Bond",0,
Caterpillar Fungus,Windy65,0,
Caterpillar Fungus,BlenderBender,0,
Caterpillar Fungus,cyan,1,['travel']
Caterpillar Fungus,ghostcat,2,"['computer', 'game']"
Caterpillar Fungus,tpain,3,"['travel', 'computer', 'game']"
Caterpillar Fungus,Shadowheart,1,['game']
Caterpillar Fungus,blackcat,0,
Caterpillar Fungus,sackboy,2,"['program', 'game']"
Caterpillar Fungus,Kanelbulle,3,"['build', 'kth', 'game']"
Caterpillar Fungus,numpy,1,['learn']
Caterpillar Fungus,gallopinto,1,['learn']
Caterpillar Fungus,tofu,0,
Caterpillar Fungus,kattmat,0,
Caterpillar Fungus,w,0,
Caterpillar Fungus,Croco,1,['cycle']
Caterpillar Fungus,Weissach,1,['learn']
Caterpillar Fungus,SargeSmoke,1,['game']
Caterpillar Fungus,BirdMaster,1,['game']
Caterpillar Fungus,Beowulf,2,"['program', 'game']"
Caterpillar Fungus,Kakka,0,
Caterpillar Fungus,stellarise,1,['game']
Caterpillar Fungus,Bebocchia ,0,
Caterpillar Fungus,kapybara,0,
Caterpillar Fungus,Flower,2,"['travel', 'learn']"
Caterpillar Fungus,matcha,1,['learn']
Caterpillar Fungus,Rookie9,0,
Caterpillar Fungus,tjsol,0,
Caterpillar Fungus,Caterpillar Fungus,0,
Caterpillar Fungus,ramranch,2,"['computer', 'game']"
tjsol,Ty29,0,
tjsol,Mintchoco,0,
tjsol,SannyKuro,0,
tjsol,DrPavel,0,
tjsol,Reisen,0,
tjsol,GGer,0,
tjsol,Aaron,0,
tjsol,DiscoTechLola,0,
tjsol,Frieren,0,
tjsol,Sam Vimes,0,
tjsol,YellowShyGuy,0,
tjsol,John Wick,0,
tjsol,MGH552200,0,
tjsol,"Bond, Jan Bond",0,
tjsol,Windy65,0,
tjsol,BlenderBender,0,
tjsol,cyan,0,
tjsol,ghostcat,0,
tjsol,tpain,0,
tjsol,Shadowheart,0,
tjsol,blackcat,0,
tjsol,sackboy,1,['development']
tjsol,Kanelbulle,0,
tjsol,numpy,0,
tjsol,gallopinto,1,['development']
tjsol,tofu,2,"['web', 'development']"
tjsol,kattmat,0,
tjsol,w,0,
tjsol,Croco,0,
tjsol,Weissach,0,
tjsol,SargeSmoke,1,['development']
tjsol,BirdMaster,0,
tjsol,Beowulf,0,
tjsol,Kakka,0,
tjsol,stellarise,0,
tjsol,Bebocchia ,0,
tjsol,kapybara,2,"['web', 'development']"
tjsol,Flower,0,
tjsol,matcha,0,
tjsol,Rookie9,0,
tjsol,tjsol,0,
tjsol,Caterpillar Fungus,0,
tjsol,ramranch,1,['development']
Rookie9,Ty29,0,
Rookie9,Mintchoco,0,
Rookie9,SannyKuro,0,
Rookie9,DrPavel,0,
Rookie9,Reisen,0,
Rookie9,GGer,0,
Rookie9,Aaron,0,
Rookie9,DiscoTechLola,0,
Rookie9,Frieren,0,
Rookie9,Sam Vimes,0,
Rookie9,YellowShyGuy,0,
Rookie9,John Wick,0,
Rookie9,MGH552200,0,
Rookie9,"Bond, Jan Bond",0,
Rookie9,Windy65,0,
Rookie9,BlenderBender,0,
Rookie9,cyan,0,
Rookie9,ghostcat,0,
Rookie9,tpain,0,
Rookie9,Shadowheart,0,
Rookie9,blackcat,0,
Rookie9,sackboy,0,
Rookie9,Kanelbulle,0,
Rookie9,numpy,0,
Rookie9,gallopinto,0,
Rookie9,tofu,0,
Rookie9,kattmat,0,
Rookie9,w,0,
Rookie9,Croco,0,
Rookie9,Weissach,0,
Rookie9,SargeSmoke,0,
Rookie9,BirdMaster,0,
Rookie9,Beowulf,0,
Rookie9,Kakka,0,
Rookie9,stellarise,0,
Rookie9,Bebocchia ,0,
Rookie9,kapybara,0,
Rookie9,Flower,0,
Rookie9,matcha,0,
Rookie9,Rookie9,0,
Rookie9,tjsol,0,
Rookie9,Caterpillar Fungus,0,
Rookie9,ramranch,0,
matcha,Ty29,1,['sport']
matcha,Mintchoco,0,
matcha,SannyKuro,0,
matcha,DrPavel,0,
matcha,Reisen,0,
matcha,GGer,0,
matcha,Aaron,0,
matcha,DiscoTechLola,0,
matcha,Frieren,0,
matcha,Sam Vimes,0,
matcha,YellowShyGuy,1,['sport']
matcha,John Wick,3,"['data', 'learn', 'visualization']"
matcha,MGH552200,0,
matcha,"Bond, Jan Bond",0,
matcha,Windy65,0,
matcha,BlenderBender,0,
matcha,cyan,0,
matcha,ghostcat,0,
matcha,tpain,0,
matcha,Shadowheart,0,
matcha,blackcat,1,['sport']
matcha,sackboy,0,
matcha,Kanelbulle,0,
matcha,numpy,1,['learn']
matcha,gallopinto,3,"['data', 'ai', 'learn']"
matcha,tofu,1,['crochet']
matcha,kattmat,0,
matcha,w,0,
matcha,Croco,1,['sport']
matcha,Weissach,2,"['learn', 'engineer']"
matcha,SargeSmoke,1,['sport']
matcha,BirdMaster,0,
matcha,Beowulf,0,
matcha,Kakka,0,
matcha,stellarise,1,['sport']
matcha,Bebocchia ,0,
matcha,kapybara,1,['sport']
matcha,Flower,1,['learn']
matcha,matcha,0,
matcha,Rookie9,0,
matcha,tjsol,0,
matcha,Caterpillar Fungus,1,['learn']
matcha,ramranch,0,
Flower,Ty29,1,['technology']
Flower,Mintchoco,4,"['travel', 'technology', 'movie', 'read']"
Flower,SannyKuro,0,
Flower,DrPavel,1,['read']
Flower,Reisen,1,['paint']
Flower,GGer,0,
Flower,Aaron,1,['book']
Flower,DiscoTechLola,0,
Flower,Frieren,2,"['travel', 'hike']"
Flower,Sam Vimes,1,['read']
Flower,YellowShyGuy,0,
Flower,John Wick,2,"['learn', 'movie']"
Flower,MGH552200,0,
Flower,"Bond, Jan Bond",4,"['paint', 'technology', 'art', 'movie']"
Flower,Windy65,0,
Flower,BlenderBender,0,
Flower,cyan,1,['travel']
Flower,ghostcat,0,
Flower,tpain,1,['travel']
Flower,Shadowheart,0,
Flower,blackcat,0,
Flower,sackboy,1,['art']
Flower,Kanelbulle,1,['art']
Flower,numpy,1,['learn']
Flower,gallopinto,2,"['learn', 'hike']"
Flower,tofu,1,['paint']
Flower,kattmat,1,['read']
Flower,w,0,
Flower,Croco,0,
Flower,Weissach,2,"['watch', 'learn']"
Flower,SargeSmoke,2,"['art', 'read']"
Flower,BirdMaster,1,['read']
Flower,Beowulf,2,"['art', 'movie']"
Flower,Kakka,0,
Flower,stellarise,1,['technology']
Flower,Bebocchia ,0,
Flower,kapybara,0,
Flower,Flower,0,
Flower,matcha,1,['learn']
Flower,Rookie9,0,
Flower,tjsol,0,
Flower,Caterpillar Fungus,2,"['travel', 'learn']"
Flower,ramranch,1,['art']
kapybara,Ty29,1,['sport']
kapybara,Mintchoco,0,
kapybara,SannyKuro,1,['work']
kapybara,DrPavel,0,
kapybara,Reisen,0,
kapybara,GGer,0,
kapybara,Aaron,0,
kapybara,DiscoTechLola,0,
kapybara,Frieren,0,
kapybara,Sam Vimes,0,
kapybara,YellowShyGuy,1,['sport']
kapybara,John Wick,0,
kapybara,MGH552200,0,
kapybara,"Bond, Jan Bond",0,
kapybara,Windy65,0,
kapybara,BlenderBender,0,
kapybara,cyan,0,
kapybara,ghostcat,0,
kapybara,tpain,1,['work']
kapybara,Shadowheart,1,['design']
kapybara,blackcat,1,['sport']
kapybara,sackboy,1,['development']
kapybara,Kanelbulle,0,
kapybara,numpy,0,
kapybara,gallopinto,1,['development']
kapybara,tofu,2,"['web', 'development']"
kapybara,kattmat,0,
kapybara,w,0,
kapybara,Croco,1,['sport']
kapybara,Weissach,0,
kapybara,SargeSmoke,2,"['sport', 'development']"
kapybara,BirdMaster,0,
kapybara,Beowulf,0,
kapybara,Kakka,0,
kapybara,stellarise,1,['sport']
kapybara,Bebocchia ,0,
kapybara,kapybara,0,
kapybara,Flower,0,
kapybara,matcha,1,['sport']
kapybara,Rookie9,0,
kapybara,tjsol,2,"['web', 'development']"
kapybara,Caterpillar Fungus,0,
kapybara,ramranch,1,['development']
Bebocchia ,Ty29,0,
Bebocchia ,Mintchoco,0,
Bebocchia ,SannyKuro,0,
Bebocchia ,DrPavel,0,
Bebocchia ,Reisen,0,
Bebocchia ,GGer,0,
Bebocchia ,Aaron,0,
Bebocchia ,DiscoTechLola,0,
Bebocchia ,Frieren,0,
Bebocchia ,Sam Vimes,0,
Bebocchia ,YellowShyGuy,0,
Bebocchia ,John Wick,0,
Bebocchia ,MGH552200,0,
Bebocchia ,"Bond, Jan Bond",0,
Bebocchia ,Windy65,0,
Bebocchia ,BlenderBender,0,
Bebocchia ,cyan,0,
Bebocchia ,ghostcat,0,
Bebocchia ,tpain,0,
Bebocchia ,Shadowheart,0,
Bebocchia ,blackcat,0,
Bebocchia ,sackboy,0,
Bebocchia ,Kanelbulle,0,
Bebocchia ,numpy,0,
Bebocchia ,gallopinto,0,
Bebocchia ,tofu,0,
Bebocchia ,kattmat,0,
Bebocchia ,w,0,
Bebocchia ,Croco,0,
Bebocchia ,Weissach,0,
Bebocchia ,SargeSmoke,0,
Bebocchia ,BirdMaster,0,
Bebocchia ,Beowulf,0,
Bebocchia ,Kakka,0,
Bebocchia ,stellarise,0,
Bebocchia ,Bebocchia ,0,
Bebocchia ,kapybara,0,
Bebocchia ,Flower,0,
Bebocchia ,matcha,0,
Bebocchia ,Rookie9,0,
Bebocchia ,tjsol,0,
Bebocchia ,Caterpillar Fungus,0,
Bebocchia ,ramranch,0,
stellarise,Ty29,2,"['technology', 'sport']"
stellarise,Mintchoco,2,"['technology', 'game']"
stellarise,SannyKuro,0,
stellarise,DrPavel,1,['game']
stellarise,Reisen,0,
stellarise,GGer,0,
stellarise,Aaron,0,
stellarise,DiscoTechLola,0,
stellarise,Frieren,0,
stellarise,Sam Vimes,0,
stellarise,YellowShyGuy,1,['sport']
stellarise,John Wick,1,['game']
stellarise,MGH552200,0,
stellarise,"Bond, Jan Bond",1,['technology']
stellarise,Windy65,0,
stellarise,BlenderBender,0,
stellarise,cyan,0,
stellarise,ghostcat,1,['game']
stellarise,tpain,1,['game']
stellarise,Shadowheart,1,['game']
stellarise,blackcat,1,['sport']
stellarise,sackboy,2,"['animation', 'game']"
stellarise,Kanelbulle,1,['game']
stellarise,numpy,0,
stellarise,gallopinto,0,
stellarise,tofu,0,
stellarise,kattmat,0,
stellarise,w,0,
stellarise,Croco,1,['sport']
stellarise,Weissach,0,
stellarise,SargeSmoke,2,"['sport', 'game']"
stellarise,BirdMaster,1,['game']
stellarise,Beowulf,1,['game']
stellarise,Kakka,0,
stellarise,stellarise,0,
stellarise,Bebocchia ,0,
stellarise,kapybara,1,['sport']
stellarise,Flower,1,['technology']
stellarise,matcha,1,['sport']
stellarise,Rookie9,0,
stellarise,tjsol,0,
stellarise,Caterpillar Fungus,1,['game']
stellarise,ramranch,1,['game']
Kakka,Ty29,0,
Kakka,Mintchoco,0,
Kakka,SannyKuro,0,
Kakka,DrPavel,0,
Kakka,Reisen,0,
Kakka,GGer,0,
Kakka,Aaron,0,
Kakka,DiscoTechLola,0,
Kakka,Frieren,0,
Kakka,Sam Vimes,0,
Kakka,YellowShyGuy,0,
Kakka,John Wick,0,
Kakka,MGH552200,0,
Kakka,"Bond, Jan Bond",0,
Kakka,Windy65,0,
Kakka,BlenderBender,0,
Kakka,cyan,0,
Kakka,ghostcat,0,
Kakka,tpain,0,
Kakka,Shadowheart,0,
Kakka,blackcat,0,
Kakka,sackboy,0,
Kakka,Kanelbulle,0,
Kakka,numpy,0,
Kakka,gallopinto,0,
Kakka,tofu,0,
Kakka,kattmat,0,
Kakka,w,0,
Kakka,Croco,0,
Kakka,Weissach,0,
Kakka,SargeSmoke,0,
Kakka,BirdMaster,0,
Kakka,Beowulf,0,
Kakka,Kakka,0,
Kakka,stellarise,0,
Kakka,Bebocchia ,0,
Kakka,kapybara,0,
Kakka,Flower,0,
Kakka,matcha,0,
Kakka,Rookie9,0,
Kakka,tjsol,0,
Kakka,Caterpillar Fungus,0,
Kakka,ramranch,0,
Beowulf,Ty29,0,
Beowulf,Mintchoco,2,"['game', 'movie']"
Beowulf,SannyKuro,1,['creative']
Beowulf,DrPavel,1,['game']
Beowulf,Reisen,0,
Beowulf,GGer,0,
Beowulf,Aaron,0,
Beowulf,DiscoTechLola,0,
Beowulf,Frieren,1,['cook']
Beowulf,Sam Vimes,0,
Beowulf,YellowShyGuy,0,
Beowulf,John Wick,2,"['game', 'movie']"
Beowulf,MGH552200,0,
Beowulf,"Bond, Jan Bond",2,"['art', 'movie']"
Beowulf,Windy65,0,
Beowulf,BlenderBender,0,
Beowulf,cyan,0,
Beowulf,ghostcat,1,['game']
Beowulf,tpain,1,['game']
Beowulf,Shadowheart,1,['game']
Beowulf,blackcat,0,
Beowulf,sackboy,3,"['program', 'art', 'game']"
Beowulf,Kanelbulle,2,"['art', 'game']"
Beowulf,numpy,0,
Beowulf,gallopinto,1,['cook']
Beowulf,tofu,0,
Beowulf,kattmat,0,
Beowulf,w,0,
Beowulf,Croco,0,
Beowulf,Weissach,0,
Beowulf,SargeSmoke,2,"['art', 'game']"
Beowulf,BirdMaster,1,['game']
Beowulf,Beowulf,0,
Beowulf,Kakka,0,
Beowulf,stellarise,1,['game']
Beowulf,Bebocchia ,0,
Beowulf,kapybara,0,
Beowulf,Flower,2,"['art', 'movie']"
Beowulf,matcha,0,
Beowulf,Rookie9,0,
Beowulf,tjsol,0,
Beowulf,Caterpillar Fungus,2,"['program', 'game']"
Beowulf,ramranch,2,"['art', 'game']"
BirdMaster,Ty29,0,
BirdMaster,Mintchoco,2,"['read', 'game']"
BirdMaster,SannyKuro,0,
BirdMaster,DrPavel,2,"['read', 'game']"
BirdMaster,Reisen,0,
BirdMaster,GGer,0,
BirdMaster,Aaron,0,
BirdMaster,DiscoTechLola,0,
BirdMaster,Frieren,0,
BirdMaster,Sam Vimes,1,['read']
BirdMaster,YellowShyGuy,0,
BirdMaster,John Wick,1,['game']
BirdMaster,MGH552200,0,
BirdMaster,"Bond, Jan Bond",0,
BirdMaster,Windy65,0,
BirdMaster,BlenderBender,0,
BirdMaster,cyan,0,
BirdMaster,ghostcat,1,['game']
BirdMaster,tpain,2,"['student', 'game']"
BirdMaster,Shadowheart,1,['game']
BirdMaster,blackcat,0,
BirdMaster,sackboy,1,['game']
BirdMaster,Kanelbulle,1,['game']
BirdMaster,numpy,0,
BirdMaster,gallopinto,0,
BirdMaster,tofu,0,
BirdMaster,kattmat,1,['read']
BirdMaster,w,0,
BirdMaster,Croco,0,
BirdMaster,Weissach,0,
BirdMaster,SargeSmoke,2,"['read', 'game']"
BirdMaster,BirdMaster,0,
BirdMaster,Beowulf,1,['game']
BirdMaster,Kakka,0,
BirdMaster,stellarise,1,['game']
BirdMaster,Bebocchia ,0,
BirdMaster,kapybara,0,
BirdMaster,Flower,1,['read']
BirdMaster,matcha,0,
BirdMaster,Rookie9,0,
BirdMaster,tjsol,0,
BirdMaster,Caterpillar Fungus,1,['game']
BirdMaster,ramranch,1,['game']
SargeSmoke,Ty29,1,['sport']
SargeSmoke,Mintchoco,3,"['gym', 'read', 'game']"
SargeSmoke,SannyKuro,0,
SargeSmoke,DrPavel,2,"['read', 'game']"
SargeSmoke,Reisen,0,
SargeSmoke,GGer,0,
SargeSmoke,Aaron,0,
SargeSmoke,DiscoTechLola,0,
SargeSmoke,Frieren,0,
SargeSmoke,Sam Vimes,1,['read']
SargeSmoke,YellowShyGuy,1,['sport']
SargeSmoke,John Wick,1,['game']
SargeSmoke,MGH552200,0,
SargeSmoke,"Bond, Jan Bond",1,['art']
SargeSmoke,Windy65,0,
SargeSmoke,BlenderBender,0,
SargeSmoke,cyan,1,['gym']
SargeSmoke,ghostcat,1,['game']
SargeSmoke,tpain,1,['game']
SargeSmoke,Shadowheart,1,['game']
SargeSmoke,blackcat,1,['sport']
SargeSmoke,sackboy,3,"['art', 'development', 'game']"
SargeSmoke,Kanelbulle,2,"['art', 'game']"
SargeSmoke,numpy,0,
SargeSmoke,gallopinto,1,['development']
SargeSmoke,tofu,1,['development']
SargeSmoke,kattmat,1,['read']
SargeSmoke,w,1,['badminton']
SargeSmoke,Croco,2,"['volleyball', 'sport']"
SargeSmoke,Weissach,0,
SargeSmoke,SargeSmoke,0,
SargeSmoke,BirdMaster,2,"['read', 'game']"
SargeSmoke,Beowulf,2,"['art', 'game']"
SargeSmoke,Kakka,0,
SargeSmoke,stellarise,2,"['sport', 'game']"
SargeSmoke,Bebocchia ,0,
SargeSmoke,kapybara,2,"['sport', 'development']"
SargeSmoke,Flower,2,"['art', 'read']"
SargeSmoke,matcha,1,['sport']
SargeSmoke,Rookie9,0,
SargeSmoke,tjsol,1,['development']
SargeSmoke,Caterpillar Fungus,1,['game']
SargeSmoke,ramranch,3,"['art', 'development', 'game']"
Weissach,Ty29,0,
Weissach,Mintchoco,0,
Weissach,SannyKuro,0,
Weissach,DrPavel,0,
Weissach,Reisen,0,
Weissach,GGer,0,
Weissach,Aaron,0,
Weissach,DiscoTechLola,0,
Weissach,Frieren,0,
Weissach,Sam Vimes,0,
Weissach,YellowShyGuy,0,
Weissach,John Wick,2,"['machine', 'learn']"
Weissach,MGH552200,0,
Weissach,"Bond, Jan Bond",0,
Weissach,Windy65,0,
Weissach,BlenderBender,0,
Weissach,cyan,0,
Weissach,ghostcat,0,
Weissach,tpain,1,['study']
Weissach,Shadowheart,0,
Weissach,blackcat,0,
Weissach,sackboy,0,
Weissach,Kanelbulle,0,
Weissach,numpy,2,"['machine', 'learn']"
Weissach,gallopinto,2,"['machine', 'learn']"
Weissach,tofu,0,
Weissach,kattmat,0,
Weissach,w,0,
Weissach,Croco,1,['car']
Weissach,Weissach,0,
Weissach,SargeSmoke,0,
Weissach,BirdMaster,0,
Weissach,Beowulf,0,
Weissach,Kakka,0,
Weissach,stellarise,0,
Weissach,Bebocchia ,0,
Weissach,kapybara,0,
Weissach,Flower,2,"['watch', 'learn']"
Weissach,matcha,2,"['learn', 'engineer']"
Weissach,Rookie9,0,
Weissach,tjsol,0,
Weissach,Caterpillar Fungus,1,['learn']
Weissach,ramranch,0,
Croco,Ty29,2,"['sport', 'cycle']"
Croco,Mintchoco,0,
Croco,SannyKuro,0,
Croco,DrPavel,0,
Croco,Reisen,0,
Croco,GGer,0,
Croco,Aaron,0,
Croco,DiscoTechLola,0,
Croco,Frieren,0,
Croco,Sam Vimes,0,
Croco,YellowShyGuy,2,"['sport', 'cycle']"
Croco,John Wick,0,
Croco,MGH552200,0,
Croco,"Bond, Jan Bond",0,
Croco,Windy65,0,
Croco,BlenderBender,0,
Croco,cyan,0,
Croco,ghostcat,0,
Croco,tpain,0,
Croco,Shadowheart,0,
Croco,blackcat,1,['sport']
Croco,sackboy,0,
Croco,Kanelbulle,0,
Croco,numpy,0,
Croco,gallopinto,0,
Croco,tofu,0,
Croco,kattmat,0,
Croco,w,0,
Croco,Croco,0,
Croco,Weissach,1,['car']
Croco,SargeSmoke,2,"['volleyball', 'sport']"
Croco,BirdMaster,0,
Croco,Beowulf,0,
Croco,Kakka,0,
Croco,stellarise,1,['sport']
Croco,Bebocchia ,0,
Croco,kapybara,1,['sport']
Croco,Flower,0,
Croco,matcha,1,['sport']
Croco,Rookie9,0,
Croco,tjsol,0,
Croco,Caterpillar Fungus,1,['cycle']
Croco,ramranch,0,
w,Ty29,0,
w,Mintchoco,0,
w,SannyKuro,0,
w,DrPavel,0,
w,Reisen,0,
w,GGer,0,
w,Aaron,0,
w,DiscoTechLola,1,['food']
w,Frieren,0,
w,Sam Vimes,0,
w,YellowShyGuy,0,
w,John Wick,0,
w,MGH552200,0,
w,"Bond, Jan Bond",0,
w,Windy65,0,
w,BlenderBender,0,
w,cyan,0,
w,ghostcat,0,
w,tpain,0,
w,Shadowheart,0,
w,blackcat,0,
w,sackboy,0,
w,Kanelbulle,0,
w,numpy,0,
w,gallopinto,0,
w,tofu,0,
w,kattmat,0,
w,w,0,
w,Croco,0,
w,Weissach,0,
w,SargeSmoke,1,['badminton']
w,BirdMaster,0,
w,Beowulf,0,
w,Kakka,0,
w,stellarise,0,
w,Bebocchia ,0,
w,kapybara,0,
w,Flower,0,
w,matcha,0,
w,Rookie9,0,
w,tjsol,0,
w,Caterpillar Fungus,0,
w,ramranch,0,
kattmat,Ty29,0,
kattmat,Mintchoco,1,['read']
kattmat,SannyKuro,1,['make']
kattmat,DrPavel,1,['read']
kattmat,Reisen,0,
kattmat,GGer,0,
kattmat,Aaron,0,
kattmat,DiscoTechLola,0,
kattmat,Frieren,0,
kattmat,Sam Vimes,1,['read']
kattmat,YellowShyGuy,0,
kattmat,John Wick,0,
kattmat,MGH552200,0,
kattmat,"Bond, Jan Bond",0,
kattmat,Windy65,0,
kattmat,BlenderBender,0,
kattmat,cyan,0,
kattmat,ghostcat,0,
kattmat,tpain,0,
kattmat,Shadowheart,0,
kattmat,blackcat,0,
kattmat,sackboy,0,
kattmat,Kanelbulle,0,
kattmat,numpy,0,
kattmat,gallopinto,0,
kattmat,tofu,0,
kattmat,kattmat,0,
kattmat,w,0,
kattmat,Croco,0,
kattmat,Weissach,0,
kattmat,SargeSmoke,1,['read']
kattmat,BirdMaster,1,['read']
kattmat,Beowulf,0,
kattmat,Kakka,0,
kattmat,stellarise,0,
kattmat,Bebocchia ,0,
kattmat,kapybara,0,
kattmat,Flower,1,['read']
kattmat,matcha,0,
kattmat,Rookie9,0,
kattmat,tjsol,0,
kattmat,Caterpillar Fungus,0,
kattmat,ramranch,0,
tofu,Ty29,0,
tofu,Mintchoco,0,
tofu,SannyKuro,0,
tofu,DrPavel,0,
tofu,Reisen,1,['paint']
tofu,GGer,0,
tofu,Aaron,0,
tofu,DiscoTechLola,0,
tofu,Frieren,0,
tofu,Sam Vimes,0,
tofu,YellowShyGuy,0,
tofu,John Wick,0,
tofu,MGH552200,0,
tofu,"Bond, Jan Bond",1,['paint']
tofu,Windy65,0,
tofu,BlenderBender,0,
tofu,cyan,0,
tofu,ghostcat,0,
tofu,tpain,0,
tofu,Shadowheart,0,
tofu,blackcat,0,
tofu,sackboy,1,['development']
tofu,Kanelbulle,0,
tofu,numpy,0,
tofu,gallopinto,1,['development']
tofu,tofu,0,
tofu,kattmat,0,
tofu,w,0,
tofu,Croco,0,
tofu,Weissach,0,
tofu,SargeSmoke,1,['development']
tofu,BirdMaster,0,
tofu,Beowulf,0,
tofu,Kakka,0,
tofu,stellarise,0,
tofu,Bebocchia ,0,
tofu,kapybara,2,"['web', 'development']"
tofu,Flower,1,['paint']
tofu,matcha,1,['crochet']
tofu,Rookie9,0,
tofu,tjsol,2,"['web', 'development']"
tofu,Caterpillar Fungus,0,
tofu,ramranch,1,['development']
gallopinto,Ty29,0,
gallopinto,Mintchoco,0,
gallopinto,SannyKuro,0,
gallopinto,DrPavel,0,
gallopinto,Reisen,0,
gallopinto,GGer,0,
gallopinto,Aaron,0,
gallopinto,DiscoTechLola,0,
gallopinto,Frieren,2,"['cook', 'hike']"
gallopinto,Sam Vimes,0,
gallopinto,YellowShyGuy,0,
gallopinto,John Wick,4,"['machine', 'learn', 'data', 'science']"
gallopinto,MGH552200,0,
gallopinto,"Bond, Jan Bond",0,
gallopinto,Windy65,0,
gallopinto,BlenderBender,0,
gallopinto,cyan,0,
gallopinto,ghostcat,0,
gallopinto,tpain,1,['science']
gallopinto,Shadowheart,0,
gallopinto,blackcat,0,
gallopinto,sackboy,1,['development']
gallopinto,Kanelbulle,1,['since']
gallopinto,numpy,2,"['machine', 'learn']"
gallopinto,gallopinto,0,
gallopinto,tofu,1,['development']
gallopinto,kattmat,0,
gallopinto,w,0,
gallopinto,Croco,0,
gallopinto,Weissach,2,"['machine', 'learn']"
gallopinto,SargeSmoke,1,['development']
gallopinto,BirdMaster,0,
gallopinto,Beowulf,1,['cook']
gallopinto,Kakka,0,
gallopinto,stellarise,0,
gallopinto,Bebocchia ,0,
gallopinto,kapybara,1,['development']
gallopinto,Flower,2,"['learn', 'hike']"
gallopinto,matcha,3,"['data', 'ai', 'learn']"
gallopinto,Rookie9,0,
gallopinto,tjsol,1,['development']
gallopinto,Caterpillar Fungus,1,['learn']
gallopinto,ramranch,1,['development']
numpy,Ty29,0,
numpy,Mintchoco,0,
numpy,SannyKuro,0,
numpy,DrPavel,0,
numpy,Reisen,0,
numpy,GGer,0,
numpy,Aaron,1,['rock']
numpy,DiscoTechLola,0,
numpy,Frieren,0,
numpy,Sam Vimes,0,
numpy,YellowShyGuy,0,
numpy,John Wick,2,"['machine', 'learn']"
numpy,MGH552200,0,
numpy,"Bond, Jan Bond",0,
numpy,Windy65,0,
numpy,BlenderBender,0,
numpy,cyan,0,
numpy,ghostcat,0,
numpy,tpain,0,
numpy,Shadowheart,0,
numpy,blackcat,0,
numpy,sackboy,0,
numpy,Kanelbulle,0,
numpy,numpy,0,
numpy,gallopinto,2,"['machine', 'learn']"
numpy,tofu,0,
numpy,kattmat,0,
numpy,w,0,
numpy,Croco,0,
numpy,Weissach,2,"['machine', 'learn']"
numpy,SargeSmoke,0,
numpy,BirdMaster,0,
numpy,Beowulf,0,
numpy,Kakka,0,
numpy,stellarise,0,
numpy,Bebocchia ,0,
numpy,kapybara,0,
numpy,Flower,1,['learn']
numpy,matcha,1,['learn']
numpy,Rookie9,0,
numpy,tjsol,0,
numpy,Caterpillar Fungus,1,['learn']
numpy,ramranch,0,
Kanelbulle,Ty29,0,
Kanelbulle,Mintchoco,1,['game']
Kanelbulle,SannyKuro,1,['storytelling']
Kanelbulle,DrPavel,1,['game']
Kanelbulle,Reisen,0,
Kanelbulle,GGer,0,
Kanelbulle,Aaron,0,
Kanelbulle,DiscoTechLola,1,['storytelling']
Kanelbulle,Frieren,0,
Kanelbulle,Sam Vimes,0,
Kanelbulle,YellowShyGuy,0,
Kanelbulle,John Wick,1,['game']
Kanelbulle,MGH552200,1,['production']
Kanelbulle,"Bond, Jan Bond",1,['art']
Kanelbulle,Windy65,0,
Kanelbulle,BlenderBender,0,
Kanelbulle,cyan,0,
Kanelbulle,ghostcat,1,['game']
Kanelbulle,tpain,2,"['create', 'game']"
Kanelbulle,Shadowheart,2,"['create', 'game']"
Kanelbulle,blackcat,0,
Kanelbulle,sackboy,2,"['art', 'game']"
Kanelbulle,Kanelbulle,0,
Kanelbulle,numpy,0,
Kanelbulle,gallopinto,1,['since']
Kanelbulle,tofu,0,
Kanelbulle,kattmat,0,
Kanelbulle,w,0,
Kanelbulle,Croco,0,
Kanelbulle,Weissach,0,
Kanelbulle,SargeSmoke,2,"['art', 'game']"
Kanelbulle,BirdMaster,1,['game']
Kanelbulle,Beowulf,2,"['art', 'game']"
Kanelbulle,Kakka,0,
Kanelbulle,stellarise,1,['game']
Kanelbulle,Bebocchia ,0,
Kanelbulle,kapybara,0,
Kanelbulle,Flower,1,['art']
Kanelbulle,matcha,0,
Kanelbulle,Rookie9,0,
Kanelbulle,tjsol,0,
Kanelbulle,Caterpillar Fungus,3,"['build', 'kth', 'game']"
Kanelbulle,ramranch,2,"['art', 'game']"
sackboy,Ty29,0,
sackboy,Mintchoco,1,['game']
sackboy,SannyKuro,0,
sackboy,DrPavel,1,['game']
sackboy,Reisen,0,
sackboy,GGer,0,
sackboy,Aaron,0,
sackboy,DiscoTechLola,0,
sackboy,Frieren,0,
sackboy,Sam Vimes,0,
sackboy,YellowShyGuy,0,
sackboy,John Wick,1,['game']
sackboy,MGH552200,0,
sackboy,"Bond, Jan Bond",2,"['art', '3d']"
sackboy,Windy65,0,
sackboy,BlenderBender,1,['3d']
sackboy,cyan,0,
sackboy,ghostcat,1,['game']
sackboy,tpain,1,['game']
sackboy,Shadowheart,1,['game']
sackboy,blackcat,0,
sackboy,sackboy,0,
sackboy,Kanelbulle,2,"['art', 'game']"
sackboy,numpy,0,
sackboy,gallopinto,1,['development']
sackboy,tofu,1,['development']
sackboy,kattmat,0,
sackboy,w,0,
sackboy,Croco,0,
sackboy,Weissach,0,
sackboy,SargeSmoke,3,"['art', 'development', 'game']"
sackboy,BirdMaster,1,['game']
sackboy,Beowulf,3,"['program', 'art', 'game']"
sackboy,Kakka,0,
sackboy,stellarise,2,"['animation', 'game']"
sackboy,Bebocchia ,0,
sackboy,kapybara,1,['development']
sackboy,Flower,1,['art']
sackboy,matcha,0,
sackboy,Rookie9,0,
sackboy,tjsol,1,['development']
sackboy,Caterpillar Fungus,2,"['program', 'game']"
sackboy,ramranch,3,"['art', 'development', 'game']"
blackcat,Ty29,1,['sport']
blackcat,Mintchoco,0,
blackcat,SannyKuro,0,
blackcat,DrPavel,0,
blackcat,Reisen,0,
blackcat,GGer,0,
blackcat,Aaron,0,
blackcat,DiscoTechLola,0,
blackcat,Frieren,0,
blackcat,Sam Vimes,0,
blackcat,YellowShyGuy,1,['sport']
blackcat,John Wick,0,
blackcat,MGH552200,0,
blackcat,"Bond, Jan Bond",0,
blackcat,Windy65,0,
blackcat,BlenderBender,0,
blackcat,cyan,0,
blackcat,ghostcat,0,
blackcat,tpain,0,
blackcat,Shadowheart,0,
blackcat,blackcat,0,
blackcat,sackboy,0,
blackcat,Kanelbulle,0,
blackcat,numpy,0,
blackcat,gallopinto,0,
blackcat,tofu,0,
blackcat,kattmat,0,
blackcat,w,0,
blackcat,Croco,1,['sport']
blackcat,Weissach,0,
blackcat,SargeSmoke,1,['sport']
blackcat,BirdMaster,0,
blackcat,Beowulf,0,
blackcat,Kakka,0,
blackcat,stellarise,1,['sport']
blackcat,Bebocchia ,0,
blackcat,kapybara,1,['sport']
blackcat,Flower,0,
blackcat,matcha,1,['sport']
blackcat,Rookie9,0,
blackcat,tjsol,0,
blackcat,Caterpillar Fungus,0,
blackcat,ramranch,0,
Shadowheart,Ty29,0,
Shadowheart,Mintchoco,1,['game']
Shadowheart,SannyKuro,0,
Shadowheart,DrPavel,1,['game']
Shadowheart,Reisen,0,
Shadowheart,GGer,0,
Shadowheart,Aaron,0,
Shadowheart,DiscoTechLola,0,
Shadowheart,Frieren,0,
Shadowheart,Sam Vimes,0,
Shadowheart,YellowShyGuy,0,
Shadowheart,John Wick,1,['game']
Shadowheart,MGH552200,0,
Shadowheart,"Bond, Jan Bond",0,
Shadowheart,Windy65,0,
Shadowheart,BlenderBender,0,
Shadowheart,cyan,0,
Shadowheart,ghostcat,1,['game']
Shadowheart,tpain,2,"['create', 'game']"
Shadowheart,Shadowheart,0,
Shadowheart,blackcat,0,
Shadowheart,sackboy,1,['game']
Shadowheart,Kanelbulle,2,"['create', 'game']"
Shadowheart,numpy,0,
Shadowheart,gallopinto,0,
Shadowheart,tofu,0,
Shadowheart,kattmat,0,
Shadowheart,w,0,
Shadowheart,Croco,0,
Shadowheart,Weissach,0,
Shadowheart,SargeSmoke,1,['game']
Shadowheart,BirdMaster,1,['game']
Shadowheart,Beowulf,1,['game']
Shadowheart,Kakka,0,
Shadowheart,stellarise,1,['game']
Shadowheart,Bebocchia ,0,
Shadowheart,kapybara,1,['design']
Shadowheart,Flower,0,
Shadowheart,matcha,0,
Shadowheart,Rookie9,0,
Shadowheart,tjsol,0,
Shadowheart,Caterpillar Fungus,1,['game']
Shadowheart,ramranch,1,['game']
tpain,Ty29,0,
tpain,Mintchoco,2,"['travel', 'game']"
tpain,SannyKuro,1,['work']
tpain,DrPavel,1,['game']
tpain,Reisen,0,
tpain,GGer,0,
tpain,Aaron,0,
tpain,DiscoTechLola,0,
tpain,Frieren,1,['travel']
tpain,Sam Vimes,0,
tpain,YellowShyGuy,0,
tpain,John Wick,2,"['science', 'game']"
tpain,MGH552200,0,
tpain,"Bond, Jan Bond",0,
tpain,Windy65,0,
tpain,BlenderBender,0,
tpain,cyan,1,['travel']
tpain,ghostcat,2,"['computer', 'game']"
tpain,tpain,0,
tpain,Shadowheart,2,"['create', 'game']"
tpain,blackcat,0,
tpain,sackboy,1,['game']
tpain,Kanelbulle,2,"['create', 'game']"
tpain,numpy,0,
tpain,gallopinto,1,['science']
tpain,tofu,0,
tpain,kattmat,0,
tpain,w,0,
tpain,Croco,0,
tpain,Weissach,1,['study']
tpain,SargeSmoke,1,['game']
tpain,BirdMaster,2,"['student', 'game']"
tpain,Beowulf,1,['game']
tpain,Kakka,0,
tpain,stellarise,1,['game']
tpain,Bebocchia ,0,
tpain,kapybara,1,['work']
tpain,Flower,1,['travel']
tpain,matcha,0,
tpain,Rookie9,0,
tpain,tjsol,0,
tpain,Caterpillar Fungus,3,"['travel', 'computer', 'game']"
tpain,ramranch,2,"['computer', 'game']"
ghostcat,Ty29,0,
ghostcat,Mintchoco,1,['game']
ghostcat,SannyKuro,0,
ghostcat,DrPavel,1,['game']
ghostcat,Reisen,0,
ghostcat,GGer,0,
ghostcat,Aaron,0,
ghostcat,DiscoTechLola,0,
ghostcat,Frieren,0,
ghostcat,Sam Vimes,0,
ghostcat,YellowShyGuy,0,
ghostcat,John Wick,1,['game']
ghostcat,MGH552200,0,
ghostcat,"Bond, Jan Bond",0,
ghostcat,Windy65,0,
ghostcat,BlenderBender,0,
ghostcat,cyan,0,
ghostcat,ghostcat,0,
ghostcat,tpain,2,"['computer', 'game']"
ghostcat,Shadowheart,1,['game']
ghostcat,blackcat,0,
ghostcat,sackboy,1,['game']
ghostcat,Kanelbulle,1,['game']
ghostcat,numpy,0,
ghostcat,gallopinto,0,
ghostcat,tofu,0,
ghostcat,kattmat,0,
ghostcat,w,0,
ghostcat,Croco,0,
ghostcat,Weissach,0,
ghostcat,SargeSmoke,1,['game']
ghostcat,BirdMaster,1,['game']
ghostcat,Beowulf,1,['game']
ghostcat,Kakka,0,
ghostcat,stellarise,1,['game']
ghostcat,Bebocchia ,0,
ghostcat,kapybara,0,
ghostcat,Flower,0,
ghostcat,matcha,0,
ghostcat,Rookie9,0,
ghostcat,tjsol,0,
ghostcat,Caterpillar Fungus,2,"['computer', 'game']"
ghostcat,ramranch,2,"['computer', 'game']"
cyan,Ty29,0,
cyan,Mintchoco,2,"['gym', 'travel']"
cyan,SannyKuro,0,
cyan,DrPavel,0,
cyan,Reisen,0,
cyan,GGer,0,
cyan,Aaron,0,
cyan,DiscoTechLola,0,
cyan,Frieren,1,['travel']
cyan,Sam Vimes,0,
cyan,YellowShyGuy,0,
cyan,John Wick,0,
cyan,MGH552200,0,
cyan,"Bond, Jan Bond",0,
cyan,Windy65,0,
cyan,BlenderBender,0,
cyan,cyan,0,
cyan,ghostcat,0,
cyan,tpain,1,['travel']
cyan,Shadowheart,0,
cyan,blackcat,0,
cyan,sackboy,0,
cyan,Kanelbulle,0,
cyan,numpy,0,
cyan,gallopinto,0,
cyan,tofu,0,
cyan,kattmat,0,
cyan,w,0,
cyan,Croco,0,
cyan,Weissach,0,
cyan,SargeSmoke,1,['gym']
cyan,BirdMaster,0,
cyan,Beowulf,0,
cyan,Kakka,0,
cyan,stellarise,0,
cyan,Bebocchia ,0,
cyan,kapybara,0,
cyan,Flower,1,['travel']
cyan,matcha,0,
cyan,Rookie9,0,
cyan,tjsol,0,
cyan,Caterpillar Fungus,1,['travel']
cyan,ramranch,0,
BlenderBender,Ty29,0,
BlenderBender,Mintchoco,0,
BlenderBender,SannyKuro,0,
BlenderBender,DrPavel,0,
BlenderBender,Reisen,0,
BlenderBender,GGer,0,
BlenderBender,Aaron,0,
BlenderBender,DiscoTechLola,0,
BlenderBender,Frieren,0,
BlenderBender,Sam Vimes,0,
BlenderBender,YellowShyGuy,0,
BlenderBender,John Wick,0,
BlenderBender,MGH552200,0,
BlenderBender,"Bond, Jan Bond",1,['3d']
BlenderBender,Windy65,0,
BlenderBender,BlenderBender,0,
BlenderBender,cyan,0,
BlenderBender,ghostcat,0,
BlenderBender,tpain,0,
BlenderBender,Shadowheart,0,
BlenderBender,blackcat,0,
BlenderBender,sackboy,1,['3d']
BlenderBender,Kanelbulle,0,
BlenderBender,numpy,0,
BlenderBender,gallopinto,0,
BlenderBender,tofu,0,
BlenderBender,kattmat,0,
BlenderBender,w,0,
BlenderBender,Croco,0,
BlenderBender,Weissach,0,
BlenderBender,SargeSmoke,0,
BlenderBender,BirdMaster,0,
BlenderBender,Beowulf,0,
BlenderBender,Kakka,0,
BlenderBender,stellarise,0,
BlenderBender,Bebocchia ,0,
BlenderBender,kapybara,0,
BlenderBender,Flower,0,
BlenderBender,matcha,0,
BlenderBender,Rookie9,0,
BlenderBender,tjsol,0,
BlenderBender,Caterpillar Fungus,0,
BlenderBender,ramranch,0,
Windy65,Ty29,0,
Windy65,Mintchoco,0,
Windy65,SannyKuro,0,
Windy65,DrPavel,0,
Windy65,Reisen,0,
Windy65,GGer,0,
Windy65,Aaron,0,
Windy65,DiscoTechLola,0,
Windy65,Frieren,0,
Windy65,Sam Vimes,0,
Windy65,YellowShyGuy,0,
Windy65,John Wick,0,
Windy65,MGH552200,0,
Windy65,"Bond, Jan Bond",0,
Windy65,Windy65,0,
Windy65,BlenderBender,0,
Windy65,cyan,0,
Windy65,ghostcat,0,
Windy65,tpain,0,
Windy65,Shadowheart,0,
Windy65,blackcat,0,
Windy65,sackboy,0,
Windy65,Kanelbulle,0,
Windy65,numpy,0,
Windy65,gallopinto,0,
Windy65,tofu,0,
Windy65,kattmat,0,
Windy65,w,0,
Windy65,Croco,0,
Windy65,Weissach,0,
Windy65,SargeSmoke,0,
Windy65,BirdMaster,0,
Windy65,Beowulf,0,
Windy65,Kakka,0,
Windy65,stellarise,0,
Windy65,Bebocchia ,0,
Windy65,kapybara,0,
Windy65,Flower,0,
Windy65,matcha,0,
Windy65,Rookie9,0,
Windy65,tjsol,0,
Windy65,Caterpillar Fungus,0,
Windy65,ramranch,0,
"Bond, Jan Bond",Ty29,1,['technology']
"Bond, Jan Bond",Mintchoco,2,"['technology', 'movie']"
"Bond, Jan Bond",SannyKuro,0,
"Bond, Jan Bond",DrPavel,0,
"Bond, Jan Bond",Reisen,1,['paint']
"Bond, Jan Bond",GGer,0,
"Bond, Jan Bond",Aaron,1,['music']
"Bond, Jan Bond",DiscoTechLola,0,
"Bond, Jan Bond",Frieren,1,['music']
"Bond, Jan Bond",Sam Vimes,0,
"Bond, Jan Bond",YellowShyGuy,0,
"Bond, Jan Bond",John Wick,1,['movie']
"Bond, Jan Bond",MGH552200,1,['music']
"Bond, Jan Bond","Bond, Jan Bond",0,
"Bond, Jan Bond",Windy65,0,
"Bond, Jan Bond",BlenderBender,1,['3d']
"Bond, Jan Bond",cyan,0,
"Bond, Jan Bond",ghostcat,0,
"Bond, Jan Bond",tpain,0,
"Bond, Jan Bond",Shadowheart,0,
"Bond, Jan Bond",blackcat,0,
"Bond, Jan Bond",sackboy,2,"['art', '3d']"
"Bond, Jan Bond",Kanelbulle,1,['art']
"Bond, Jan Bond",numpy,0,
"Bond, Jan Bond",gallopinto,0,
"Bond, Jan Bond",tofu,1,['paint']
"Bond, Jan Bond",kattmat,0,
"Bond, Jan Bond",w,0,
"Bond, Jan Bond",Croco,0,
"Bond, Jan Bond",Weissach,0,
"Bond, Jan Bond",SargeSmoke,1,['art']
"Bond, Jan Bond",BirdMaster,0,
"Bond, Jan Bond",Beowulf,2,"['art', 'movie']"
"Bond, Jan Bond",Kakka,0,
"Bond, Jan Bond",stellarise,1,['technology']
"Bond, Jan Bond",Bebocchia ,0,
"Bond, Jan Bond",kapybara,0,
"Bond, Jan Bond",Flower,4,"['paint', 'technology', 'art', 'movie']"
"Bond, Jan Bond",matcha,0,
"Bond, Jan Bond",Rookie9,0,
"Bond, Jan Bond",tjsol,0,
"Bond, Jan Bond",Caterpillar Fungus,0,
"Bond, Jan Bond",ramranch,1,['art']
MGH552200,Ty29,0,
MGH552200,Mintchoco,0,
MGH552200,SannyKuro,0,
MGH552200,DrPavel,0,
MGH552200,Reisen,0,
MGH552200,GGer,0,
MGH552200,Aaron,1,['music']
MGH552200,DiscoTechLola,0,
MGH552200,Frieren,2,"['listen', 'music']"
MGH552200,Sam Vimes,0,
MGH552200,YellowShyGuy,0,
MGH552200,John Wick,0,
MGH552200,MGH552200,0,
MGH552200,"Bond, Jan Bond",1,['music']
MGH552200,Windy65,0,
MGH552200,BlenderBender,0,
MGH552200,cyan,0,
MGH552200,ghostcat,0,
MGH552200,tpain,0,
MGH552200,Shadowheart,0,
MGH552200,blackcat,0,
MGH552200,sackboy,0,
MGH552200,Kanelbulle,1,['production']
MGH552200,numpy,0,
MGH552200,gallopinto,0,
MGH552200,tofu,0,
MGH552200,kattmat,0,
MGH552200,w,0,
MGH552200,Croco,0,
MGH552200,Weissach,0,
MGH552200,SargeSmoke,0,
MGH552200,BirdMaster,0,
MGH552200,Beowulf,0,
MGH552200,Kakka,0,
MGH552200,stellarise,0,
MGH552200,Bebocchia ,0,
MGH552200,kapybara,0,
MGH552200,Flower,0,
MGH552200,matcha,0,
MGH552200,Rookie9,0,
MGH552200,tjsol,0,
MGH552200,Caterpillar Fungus,0,
MGH552200,ramranch,0,
John Wick,Ty29,0,
John Wick,Mintchoco,2,"['game', 'movie']"
John Wick,SannyKuro,0,
John Wick,DrPavel,1,['game']
John Wick,Reisen,0,
John Wick,GGer,0,
John Wick,Aaron,0,
John Wick,DiscoTechLola,0,
John Wick,Frieren,0,
John Wick,Sam Vimes,0,
John Wick,YellowShyGuy,0,
John Wick,John Wick,0,
John Wick,MGH552200,0,
John Wick,"Bond, Jan Bond",1,['movie']
John Wick,Windy65,0,
John Wick,BlenderBender,0,
John Wick,cyan,0,
John Wick,ghostcat,1,['game']
John Wick,tpain,2,"['science', 'game']"
John Wick,Shadowheart,1,['game']
John Wick,blackcat,0,
John Wick,sackboy,1,['game']
John Wick,Kanelbulle,1,['game']
John Wick,numpy,2,"['machine', 'learn']"
John Wick,gallopinto,4,"['data', 'science', 'machine', 'learn']"
John Wick,tofu,0,
John Wick,kattmat,0,
John Wick,w,0,
John Wick,Croco,0,
John Wick,Weissach,2,"['machine', 'learn']"
John Wick,SargeSmoke,1,['game']
John Wick,BirdMaster,1,['game']
John Wick,Beowulf,2,"['game', 'movie']"
John Wick,Kakka,0,
John Wick,stellarise,1,['game']
John Wick,Bebocchia ,0,
John Wick,kapybara,0,
John Wick,Flower,2,"['learn', 'movie']"
John Wick,matcha,3,"['data', 'learn', 'visualization']"
John Wick,Rookie9,0,
John Wick,tjsol,0,
John Wick,Caterpillar Fungus,2,"['learn', 'game']"
John Wick,ramranch,1,['game']
YellowShyGuy,Ty29,2,"['sport', 'cycle']"
YellowShyGuy,Mintchoco,0,
YellowShyGuy,SannyKuro,0,
YellowShyGuy,DrPavel,0,
YellowShyGuy,Reisen,0,
YellowShyGuy,GGer,0,
YellowShyGuy,Aaron,0,
YellowShyGuy,DiscoTechLola,0,
YellowShyGuy,Frieren,0,
YellowShyGuy,Sam Vimes,0,
YellowShyGuy,YellowShyGuy,0,
YellowShyGuy,John Wick,0,
YellowShyGuy,MGH552200,0,
YellowShyGuy,"Bond, Jan Bond",0,
YellowShyGuy,Windy65,0,
YellowShyGuy,BlenderBender,0,
YellowShyGuy,cyan,0,
YellowShyGuy,ghostcat,0,
YellowShyGuy,tpain,0,
YellowShyGuy,Shadowheart,0,
YellowShyGuy,blackcat,1,['sport']
YellowShyGuy,sackboy,0,
YellowShyGuy,Kanelbulle,0,
YellowShyGuy,numpy,0,
YellowShyGuy,gallopinto,0,
YellowShyGuy,tofu,0,
YellowShyGuy,kattmat,0,
YellowShyGuy,w,0,
YellowShyGuy,Croco,2,"['sport', 'cycle']"
YellowShyGuy,Weissach,0,
YellowShyGuy,SargeSmoke,1,['sport']
YellowShyGuy,BirdMaster,0,
YellowShyGuy,Beowulf,0,
YellowShyGuy,Kakka,0,
YellowShyGuy,stellarise,1,['sport']
YellowShyGuy,Bebocchia ,0,
YellowShyGuy,kapybara,1,['sport']
YellowShyGuy,Flower,0,
YellowShyGuy,matcha,1,['sport']
YellowShyGuy,Rookie9,0,
YellowShyGuy,tjsol,0,
YellowShyGuy,Caterpillar Fungus,1,['cycle']
YellowShyGuy,ramranch,0,
Sam Vimes,Ty29,0,
Sam Vimes,Mintchoco,1,['read']
Sam Vimes,SannyKuro,0,
Sam Vimes,DrPavel,1,['read']
Sam Vimes,Reisen,0,
Sam Vimes,GGer,0,
Sam Vimes,Aaron,0,
Sam Vimes,DiscoTechLola,0,
Sam Vimes,Frieren,0,
Sam Vimes,Sam Vimes,0,
Sam Vimes,YellowShyGuy,0,
Sam Vimes,John Wick,0,
Sam Vimes,MGH552200,0,
Sam Vimes,"Bond, Jan Bond",0,
Sam Vimes,Windy65,0,
Sam Vimes,BlenderBender,0,
Sam Vimes,cyan,0,
Sam Vimes,ghostcat,0,
Sam Vimes,tpain,0,
Sam Vimes,Shadowheart,0,
Sam Vimes,blackcat,0,
Sam Vimes,sackboy,0,
Sam Vimes,Kanelbulle,0,
Sam Vimes,numpy,0,
Sam Vimes,gallopinto,0,
Sam Vimes,tofu,0,
Sam Vimes,kattmat,1,['read']
Sam Vimes,w,0,
Sam Vimes,Croco,0,
Sam Vimes,Weissach,0,
Sam Vimes,SargeSmoke,1,['read']
Sam Vimes,BirdMaster,1,['read']
Sam Vimes,Beowulf,0,
Sam Vimes,Kakka,0,
Sam Vimes,stellarise,0,
Sam Vimes,Bebocchia ,0,
Sam Vimes,kapybara,0,
Sam Vimes,Flower,1,['read']
Sam Vimes,matcha,0,
Sam Vimes,Rookie9,0,
Sam Vimes,tjsol,0,
Sam Vimes,Caterpillar Fungus,0,
Sam Vimes,ramranch,0,
Frieren,Ty29,0,
Frieren,Mintchoco,1,['travel']
Frieren,SannyKuro,0,
Frieren,DrPavel,0,
Frieren,Reisen,0,
Frieren,GGer,0,
Frieren,Aaron,1,['music']
Frieren,DiscoTechLola,0,
Frieren,Frieren,0,
Frieren,Sam Vimes,0,
Frieren,YellowShyGuy,0,
Frieren,John Wick,0,
Frieren,MGH552200,2,"['listen', 'music']"
Frieren,"Bond, Jan Bond",1,['music']
Frieren,Windy65,0,
Frieren,BlenderBender,0,
Frieren,cyan,1,['travel']
Frieren,ghostcat,0,
Frieren,tpain,1,['travel']
Frieren,Shadowheart,0,
Frieren,blackcat,0,
Frieren,sackboy,0,
Frieren,Kanelbulle,0,
Frieren,numpy,0,
Frieren,gallopinto,2,"['cook', 'hike']"
Frieren,tofu,0,
Frieren,kattmat,0,
Frieren,w,0,
Frieren,Croco,0,
Frieren,Weissach,0,
Frieren,SargeSmoke,0,
Frieren,BirdMaster,0,
Frieren,Beowulf,1,['cook']
Frieren,Kakka,0,
Frieren,stellarise,0,
Frieren,Bebocchia ,0,
Frieren,kapybara,0,
Frieren,Flower,2,"['travel', 'hike']"
Frieren,matcha,0,
Frieren,Rookie9,0,
Frieren,tjsol,0,
Frieren,Caterpillar Fungus,1,['travel']
Frieren,ramranch,0,
DiscoTechLola,Ty29,0,
DiscoTechLola,Mintchoco,1,['dance']
DiscoTechLola,SannyKuro,1,['storytelling']
DiscoTechLola,DrPavel,0,
DiscoTechLola,Reisen,0,
DiscoTechLola,GGer,0,
DiscoTechLola,Aaron,0,
DiscoTechLola,DiscoTechLola,0,
DiscoTechLola,Frieren,0,
DiscoTechLola,Sam Vimes,0,
DiscoTechLola,YellowShyGuy,0,
DiscoTechLola,John Wick,0,
DiscoTechLola,MGH552200,0,
DiscoTechLola,"Bond, Jan Bond",0,
DiscoTechLola,Windy65,0,
DiscoTechLola,BlenderBender,0,
DiscoTechLola,cyan,0,
DiscoTechLola,ghostcat,0,
DiscoTechLola,tpain,0,
DiscoTechLola,Shadowheart,0,
DiscoTechLola,blackcat,0,
DiscoTechLola,sackboy,0,
DiscoTechLola,Kanelbulle,1,['storytelling']
DiscoTechLola,numpy,0,
DiscoTechLola,gallopinto,0,
DiscoTechLola,tofu,0,
DiscoTechLola,kattmat,0,
DiscoTechLola,w,1,['food']
DiscoTechLola,Croco,0,
DiscoTechLola,Weissach,0,
DiscoTechLola,SargeSmoke,0,
DiscoTechLola,BirdMaster,0,
DiscoTechLola,Beowulf,0,
DiscoTechLola,Kakka,0,
DiscoTechLola,stellarise,0,
DiscoTechLola,Bebocchia ,0,
DiscoTechLola,kapybara,0,
DiscoTechLola,Flower,0,
DiscoTechLola,matcha,0,
DiscoTechLola,Rookie9,0,
DiscoTechLola,tjsol,0,
DiscoTechLola,Caterpillar Fungus,0,
DiscoTechLola,ramranch,0,
Aaron,Ty29,0,
Aaron,Mintchoco,0,
Aaron,SannyKuro,0,
Aaron,DrPavel,0,
Aaron,Reisen,0,
Aaron,GGer,0,
Aaron,Aaron,0,
Aaron,DiscoTechLola,0,
Aaron,Frieren,1,['music']
Aaron,Sam Vimes,0,
Aaron,YellowShyGuy,0,
Aaron,John Wick,0,
Aaron,MGH552200,1,['music']
Aaron,"Bond, Jan Bond",1,['music']
Aaron,Windy65,0,
Aaron,BlenderBender,0,
Aaron,cyan,0,
Aaron,ghostcat,0,
Aaron,tpain,0,
Aaron,Shadowheart,0,
Aaron,blackcat,0,
Aaron,sackboy,0,
Aaron,Kanelbulle,0,
Aaron,numpy,1,['rock']
Aaron,gallopinto,0,
Aaron,tofu,0,
Aaron,kattmat,0,
Aaron,w,0,
Aaron,Croco,0,
Aaron,Weissach,0,
Aaron,SargeSmoke,0,
Aaron,BirdMaster,0,
Aaron,Beowulf,0,
Aaron,Kakka,0,
Aaron,stellarise,0,
Aaron,Bebocchia ,0,
Aaron,kapybara,0,
Aaron,Flower,1,['book']
Aaron,matcha,0,
Aaron,Rookie9,0,
Aaron,tjsol,0,
Aaron,Caterpillar Fungus,1,['football']
Aaron,ramranch,0,
GGer,Ty29,0,
GGer,Mintchoco,0,
GGer,SannyKuro,0,
GGer,DrPavel,0,
GGer,Reisen,0,
GGer,GGer,0,
GGer,Aaron,0,
GGer,DiscoTechLola,0,
GGer,Frieren,0,
GGer,Sam Vimes,0,
GGer,YellowShyGuy,0,
GGer,John Wick,0,
GGer,MGH552200,0,
GGer,"Bond, Jan Bond",0,
GGer,Windy65,0,
GGer,BlenderBender,0,
GGer,cyan,0,
GGer,ghostcat,0,
GGer,tpain,0,
GGer,Shadowheart,0,
GGer,blackcat,0,
GGer,sackboy,0,
GGer,Kanelbulle,0,
GGer,numpy,0,
GGer,gallopinto,0,
GGer,tofu,0,
GGer,kattmat,0,
GGer,w,0,
GGer,Croco,0,
GGer,Weissach,0,
GGer,SargeSmoke,0,
GGer,BirdMaster,0,
GGer,Beowulf,0,
GGer,Kakka,0,
GGer,stellarise,0,
GGer,Bebocchia ,0,
GGer,kapybara,0,
GGer,Flower,0,
GGer,matcha,0,
GGer,Rookie9,0,
GGer,tjsol,0,
GGer,Caterpillar Fungus,0,
GGer,ramranch,0,
Reisen,Ty29,0,
Reisen,Mintchoco,0,
Reisen,SannyKuro,0,
Reisen,DrPavel,0,
Reisen,Reisen,0,
Reisen,GGer,0,
Reisen,Aaron,0,
Reisen,DiscoTechLola,0,
Reisen,Frieren,0,
Reisen,Sam Vimes,0,
Reisen,YellowShyGuy,0,
Reisen,John Wick,0,
Reisen,MGH552200,0,
Reisen,"Bond, Jan Bond",1,['paint']
Reisen,Windy65,0,
Reisen,BlenderBender,0,
Reisen,cyan,0,
Reisen,ghostcat,0,
Reisen,tpain,0,
Reisen,Shadowheart,0,
Reisen,blackcat,0,
Reisen,sackboy,0,
Reisen,Kanelbulle,0,
Reisen,numpy,0,
Reisen,gallopinto,0,
Reisen,tofu,1,['paint']
Reisen,kattmat,0,
Reisen,w,0,
Reisen,Croco,0,
Reisen,Weissach,0,
Reisen,SargeSmoke,0,
Reisen,BirdMaster,0,
Reisen,Beowulf,0,
Reisen,Kakka,0,
Reisen,stellarise,0,
Reisen,Bebocchia ,0,
Reisen,kapybara,0,
Reisen,Flower,1,['paint']
Reisen,matcha,0,
Reisen,Rookie9,0,
Reisen,tjsol,0,
Reisen,Caterpillar Fungus,0,
Reisen,ramranch,0,
DrPavel,Ty29,0,
DrPavel,Mintchoco,3,"['game', 'workout', 'read']"
DrPavel,SannyKuro,0,
DrPavel,DrPavel,0,
DrPavel,Reisen,0,
DrPavel,GGer,0,
DrPavel,Aaron,0,
DrPavel,DiscoTechLola,0,
DrPavel,Frieren,0,
DrPavel,Sam Vimes,1,['read']
DrPavel,YellowShyGuy,0,
DrPavel,John Wick,1,['game']
DrPavel,MGH552200,0,
DrPavel,"Bond, Jan Bond",0,
DrPavel,Windy65,0,
DrPavel,BlenderBender,0,
DrPavel,cyan,0,
DrPavel,ghostcat,1,['game']
DrPavel,tpain,1,['game']
DrPavel,Shadowheart,1,['game']
DrPavel,blackcat,0,
DrPavel,sackboy,1,['game']
DrPavel,Kanelbulle,1,['game']
DrPavel,numpy,0,
DrPavel,gallopinto,0,
DrPavel,tofu,0,
DrPavel,kattmat,1,['read']
DrPavel,w,0,
DrPavel,Croco,0,
DrPavel,Weissach,0,
DrPavel,SargeSmoke,2,"['read', 'game']"
DrPavel,BirdMaster,2,"['read', 'game']"
DrPavel,Beowulf,1,['game']
DrPavel,Kakka,0,
DrPavel,stellarise,1,['game']
DrPavel,Bebocchia ,0,
DrPavel,kapybara,0,
DrPavel,Flower,1,['read']
DrPavel,matcha,0,
DrPavel,Rookie9,0,
DrPavel,tjsol,0,
DrPavel,Caterpillar Fungus,1,['game']
DrPavel,ramranch,1,['game']
SannyKuro,Ty29,0,
SannyKuro,Mintchoco,0,
SannyKuro,SannyKuro,0,
SannyKuro,DrPavel,0,
SannyKuro,Reisen,0,
SannyKuro,GGer,0,
SannyKuro,Aaron,0,
SannyKuro,DiscoTechLola,1,['storytelling']
SannyKuro,Frieren,0,
SannyKuro,Sam Vimes,0,
SannyKuro,YellowShyGuy,0,
SannyKuro,John Wick,0,
SannyKuro,MGH552200,0,
SannyKuro,"Bond, Jan Bond",0,
SannyKuro,Windy65,0,
SannyKuro,BlenderBender,0,
SannyKuro,cyan,0,
SannyKuro,ghostcat,0,
SannyKuro,tpain,1,['work']
SannyKuro,Shadowheart,0,
SannyKuro,blackcat,0,
SannyKuro,sackboy,0,
SannyKuro,Kanelbulle,1,['storytelling']
SannyKuro,numpy,0,
SannyKuro,gallopinto,0,
SannyKuro,tofu,0,
SannyKuro,kattmat,1,['make']
SannyKuro,w,0,
SannyKuro,Croco,0,
SannyKuro,Weissach,0,
SannyKuro,SargeSmoke,0,
SannyKuro,BirdMaster,0,
SannyKuro,Beowulf,1,['creative']
SannyKuro,Kakka,0,
SannyKuro,stellarise,0,
SannyKuro,Bebocchia ,0,
SannyKuro,kapybara,1,['work']
SannyKuro,Flower,0,
SannyKuro,matcha,0,
SannyKuro,Rookie9,0,
SannyKuro,tjsol,0,
SannyKuro,Caterpillar Fungus,0,
SannyKuro,ramranch,0,
Mintchoco,Ty29,1,['technology']
Mintchoco,Mintchoco,0,
Mintchoco,SannyKuro,0,
Mintchoco,DrPavel,3,"['game', 'workout', 'read']"
Mintchoco,Reisen,0,
Mintchoco,GGer,0,
Mintchoco,Aaron,0,
Mintchoco,DiscoTechLola,1,['dance']
Mintchoco,Frieren,1,['travel']
Mintchoco,Sam Vimes,1,['read']
Mintchoco,YellowShyGuy,0,
Mintchoco,John Wick,2,"['game', 'movie']"
Mintchoco,MGH552200,0,
Mintchoco,"Bond, Jan Bond",2,"['technology', 'movie']"
Mintchoco,Windy65,0,
Mintchoco,BlenderBender,0,
Mintchoco,cyan,2,"['travel', 'gym']"
Mintchoco,ghostcat,1,['game']
Mintchoco,tpain,2,"['travel', 'game']"
Mintchoco,Shadowheart,1,['game']
Mintchoco,blackcat,0,
Mintchoco,sackboy,1,['game']
Mintchoco,Kanelbulle,1,['game']
Mintchoco,numpy,0,
Mintchoco,gallopinto,0,
Mintchoco,tofu,0,
Mintchoco,kattmat,1,['read']
Mintchoco,w,0,
Mintchoco,Croco,0,
Mintchoco,Weissach,0,
Mintchoco,SargeSmoke,3,"['gym', 'read', 'game']"
Mintchoco,BirdMaster,2,"['read', 'game']"
Mintchoco,Beowulf,2,"['game', 'movie']"
Mintchoco,Kakka,0,
Mintchoco,stellarise,2,"['technology', 'game']"
Mintchoco,Bebocchia ,0,
Mintchoco,kapybara,0,
Mintchoco,Flower,4,"['travel', 'technology', 'movie', 'read']"
Mintchoco,matcha,0,
Mintchoco,Rookie9,0,
Mintchoco,tjsol,0,
Mintchoco,Caterpillar Fungus,2,"['travel', 'game']"
Mintchoco,ramranch,1,['game']
Ty29,Ty29,0,
Ty29,Mintchoco,1,['technology']
Ty29,SannyKuro,0,
Ty29,DrPavel,0,
Ty29,Reisen,0,
Ty29,GGer,0,
Ty29,Aaron,0,
Ty29,DiscoTechLola,0,
Ty29,Frieren,0,
Ty29,Sam Vimes,0,
Ty29,YellowShyGuy,2,"['sport', 'cycle']"
Ty29,John Wick,0,
Ty29,MGH552200,0,
Ty29,"Bond, Jan Bond",1,['technology']
Ty29,Windy65,0,
Ty29,BlenderBender,0,
Ty29,cyan,0,
Ty29,ghostcat,0,
Ty29,tpain,0,
Ty29,Shadowheart,0,
Ty29,blackcat,1,['sport']
Ty29,sackboy,0,
Ty29,Kanelbulle,0,
Ty29,numpy,0,
Ty29,gallopinto,0,
Ty29,tofu,0,
Ty29,kattmat,0,
Ty29,w,0,
Ty29,Croco,2,"['sport', 'cycle']"
Ty29,Weissach,0,
Ty29,SargeSmoke,1,['sport']
Ty29,BirdMaster,0,
Ty29,Beowulf,0,
Ty29,Kakka,0,
Ty29,stellarise,2,"['technology', 'sport']"
Ty29,Bebocchia ,0,
Ty29,kapybara,1,['sport']
Ty29,Flower,1,['technology']
Ty29,matcha,1,['sport']
Ty29,Rookie9,0,
Ty29,tjsol,0,
Ty29,Caterpillar Fungus,1,['cycle']
Ty29,ramranch,0,
