ALIAS,ramranch,Caterpillar Fungus,tjsol,Rookie9,matcha,Flower,kapybara,Bebocchia ,stellarise,Kakka,Beowulf,BirdMaster,SargeSmoke,Weissach,Croco,w,kattmat,tofu,gallopinto,numpy,Kanelbulle,sackboy,blackcat,Shadowheart,tpain,ghostcat,cyan,BlenderBender,Windy65,"Bond, Jan Bond",MGH552200,John Wick,YellowShyGuy,Sam Vimes,Frieren,DiscoTechLola,Aaron,GGer,Reisen,DrPavel,SannyKuro,Mintchoco,Ty29
ramranch,,"['game', 'computer']",['development'],,,['art'],['development'],,['game'],,"['game', 'art']",['game'],"['development', 'game', 'art']",,,,,['development'],['development'],,"['game', 'art']","['development', 'game', 'art']",,['game'],"['game', 'computer']","['game', 'computer']",,,,['art'],,['game'],,,,,,,,['game'],,['game'],
Caterpillar Fungus,"['game', 'computer']",,,,['learn'],"['travel', 'learn']",,,['game'],,"['game', 'program']",['game'],['game'],['learn'],['cycle'],,,,['learn'],['learn'],"['game', 'kth', 'build']","['game', 'program']",,['game'],"['travel', 'game', 'computer']","['game', 'computer']",['travel'],,,,,"['game', 'learn']",['cycle'],,['travel'],,['football'],,,['game'],,"['travel', 'game']",['cycle']
tjsol,['development'],,,,,,"['development', 'web']",,,,,,['development'],,,,,"['development', 'web']",['development'],,,['development'],,,,,,,,,,,,,,,,,,,,,
Rookie9,,,,,,,,,,,,,,,,,,,,,,,,,,,,,,,,,,,,,,,,,,,
matcha,,['learn'],,,,['learn'],['sport'],,['sport'],,,,['sport'],"['engineer', 'learn']",['sport'],,,['crochet'],"['learn', 'data', 'ai']",['learn'],,,['sport'],,,,,,,,,"['visualization', 'learn', 'data']",['sport'],,,,,,,,,,['sport']
Flower,['art'],"['travel', 'learn']",,,['learn'],,,,['technology'],,"['art', 'movie']",['read'],"['art', 'read']","['learn', 'watch']",,,['read'],['paint'],"['hike', 'learn']",['learn'],['art'],['art'],,,['travel'],,['travel'],,,"['paint', 'technology', 'art', 'movie']",,"['learn', 'movie']",,['read'],"['travel', 'hike']",,['book'],,['paint'],['read'],,"['travel', 'technology', 'read', 'movie']",['technology']
kapybara,['development'],,"['development', 'web']",,['sport'],,,,['sport'],,,,"['development', 'sport']",,['sport'],,,"['development', 'web']",['development'],,,['development'],['sport'],['design'],['work'],,,,,,,,['sport'],,,,,,,,['work'],,['sport']
Bebocchia ,,,,,,,,,,,,,,,,,,,,,,,,,,,,,,,,,,,,,,,,,,,
stellarise,['game'],['game'],,,['sport'],['technology'],['sport'],,,,['game'],['game'],"['game', 'sport']",,['sport'],,,,,,['game'],"['animation', 'game']",['sport'],['game'],['game'],['game'],,,,['technology'],,['game'],['sport'],,,,,,,['game'],,"['technology', 'game']","['technology', 'sport']"
Kakka,,,,,,,,,,,,,,,,,,,,,,,,,,,,,,,,,,,,,,,,,,,
Beowulf,"['game', 'art']","['game', 'program']",,,,"['art', 'movie']",,,['game'],,,['game'],"['game', 'art']",,,,,,['cook'],,"['game', 'art']","['game', 'art', 'program']",,['game'],['game'],['game'],,,,"['art', 'movie']",,"['game', 'movie']",,,['cook'],,,,,['game'],['creative'],"['game', 'movie']",
BirdMaster,['game'],['game'],,,,['read'],,,['game'],,['game'],,"['game', 'read']",,,,['read'],,,,['game'],['game'],,['game'],"['game', 'student']",['game'],,,,,,['game'],,['read'],,,,,,"['game', 'read']",,"['game', 'read']",
SargeSmoke,"['development', 'game', 'art']",['game'],['development'],,['sport'],"['art', 'read']","['development', 'sport']",,"['game', 'sport']",,"['game', 'art']","['game', 'read']",,,"['sport', 'volleyball']",['badminton'],['read'],['development'],['development'],,"['game', 'art']","['development', 'game', 'art']",['sport'],['game'],['game'],['game'],['gym'],,,['art'],,['game'],['sport'],['read'],,,,,,"['game', 'read']",,"['gym', 'game', 'read']",['sport']
Weissach,,['learn'],,,"['engineer', 'learn']","['learn', 'watch']",,,,,,,,,['car'],,,,"['machine', 'learn']","['machine', 'learn']",,,,,['study'],,,,,,,"['machine', 'learn']",,,,,,,,,,,
Croco,,['cycle'],,,['sport'],,['sport'],,['sport'],,,,"['sport', 'volleyball']",['car'],,,,,,,,,['sport'],,,,,,,,,,"['cycle', 'sport']",,,,,,,,,,"['cycle', 'sport']"
w,,,,,,,,,,,,,['badminton'],,,,,,,,,,,,,,,,,,,,,,,['food'],,,,,,,
kattmat,,,,,,['read'],,,,,,['read'],['read'],,,,,,,,,,,,,,,,,,,,,['read'],,,,,,['read'],['make'],['read'],
tofu,['development'],,"['development', 'web']",,['crochet'],['paint'],"['development', 'web']",,,,,,['development'],,,,,,['development'],,,['development'],,,,,,,,['paint'],,,,,,,,,['paint'],,,,
gallopinto,['development'],['learn'],['development'],,"['learn', 'data', 'ai']","['hike', 'learn']",['development'],,,,['cook'],,['development'],"['machine', 'learn']",,,,['development'],,"['machine', 'learn']",['since'],['development'],,,['science'],,,,,,,"['science', 'machine', 'learn', 'data']",,,"['cook', 'hike']",,,,,,,,
numpy,,['learn'],,,['learn'],['learn'],,,,,,,,"['machine', 'learn']",,,,,"['machine', 'learn']",,,,,,,,,,,,,"['machine', 'learn']",,,,,['rock'],,,,,,
Kanelbulle,"['game', 'art']","['game', 'kth', 'build']",,,,['art'],,,['game'],,"['game', 'art']",['game'],"['game', 'art']",,,,,,['since'],,,"['game', 'art']",,"['game', 'create']","['game', 'create']",['game'],,,,['art'],['production'],['game'],,,,['storytelling'],,,,['game'],['storytelling'],['game'],
sackboy,"['development', 'game', 'art']","['game', 'program']",['development'],,,['art'],['development'],,"['animation', 'game']",,"['game', 'art', 'program']",['game'],"['development', 'game', 'art']",,,,,['development'],['development'],,"['game', 'art']",,,['game'],['game'],['game'],,['3d'],,"['art', '3d']",,['game'],,,,,,,,['game'],,['game'],
blackcat,,,,,['sport'],,['sport'],,['sport'],,,,['sport'],,['sport'],,,,,,,,,,,,,,,,,,['sport'],,,,,,,,,,['sport']
Shadowheart,['game'],['game'],,,,,['design'],,['game'],,['game'],['game'],['game'],,,,,,,,"['game', 'create']",['game'],,,"['game', 'create']",['game'],,,,,,['game'],,,,,,,,['game'],,['game'],
tpain,"['game', 'computer']","['travel', 'game', 'computer']",,,,['travel'],['work'],,['game'],,['game'],"['game', 'student']",['game'],['study'],,,,,['science'],,"['game', 'create']",['game'],,"['game', 'create']",,"['game', 'computer']",['travel'],,,,,"['game', 'science']",,,['travel'],,,,,['game'],['work'],"['travel', 'game']",
ghostcat,"['game', 'computer']","['game', 'computer']",,,,,,,['game'],,['game'],['game'],['game'],,,,,,,,['game'],['game'],,['game'],"['game', 'computer']",,,,,,,['game'],,,,,,,,['game'],,['game'],
cyan,,['travel'],,,,['travel'],,,,,,,['gym'],,,,,,,,,,,,['travel'],,,,,,,,,,['travel'],,,,,,,"['gym', 'travel']",
BlenderBender,,,,,,,,,,,,,,,,,,,,,,['3d'],,,,,,,,['3d'],,,,,,,,,,,,,
Windy65,,,,,,,,,,,,,,,,,,,,,,,,,,,,,,,,,,,,,,,,,,,
"Bond, Jan Bond",['art'],,,,,"['paint', 'technology', 'art', 'movie']",,,['technology'],,"['art', 'movie']",,['art'],,,,,['paint'],,,['art'],"['art', '3d']",,,,,,['3d'],,,['music'],['movie'],,,['music'],,['music'],,['paint'],,,"['technology', 'movie']",['technology']
MGH552200,,,,,,,,,,,,,,,,,,,,,['production'],,,,,,,,,['music'],,,,,"['music', 'listen']",,['music'],,,,,,
John Wick,['game'],"['game', 'learn']",,,"['visualization', 'learn', 'data']","['learn', 'movie']",,,['game'],,"['game', 'movie']",['game'],['game'],"['machine', 'learn']",,,,,"['science', 'machine', 'learn', 'data']","['machine', 'learn']",['game'],['game'],,['game'],"['game', 'science']",['game'],,,,['movie'],,,,,,,,,,['game'],,"['game', 'movie']",
YellowShyGuy,,['cycle'],,,['sport'],,['sport'],,['sport'],,,,['sport'],,"['cycle', 'sport']",,,,,,,,['sport'],,,,,,,,,,,,,,,,,,,,"['cycle', 'sport']"
Sam Vimes,,,,,,['read'],,,,,,['read'],['read'],,,,['read'],,,,,,,,,,,,,,,,,,,,,,,['read'],,['read'],
Frieren,,['travel'],,,,"['travel', 'hike']",,,,,['cook'],,,,,,,,"['cook', 'hike']",,,,,,['travel'],,['travel'],,,['music'],"['music', 'listen']",,,,,,['music'],,,,,['travel'],
DiscoTechLola,,,,,,,,,,,,,,,,['food'],,,,,['storytelling'],,,,,,,,,,,,,,,,,,,,['storytelling'],['dance'],
Aaron,,['football'],,,,['book'],,,,,,,,,,,,,,['rock'],,,,,,,,,,['music'],['music'],,,,['music'],,,,,,,,
GGer,,,,,,,,,,,,,,,,,,,,,,,,,,,,,,,,,,,,,,,,,,,
Reisen,,,,,,['paint'],,,,,,,,,,,,['paint'],,,,,,,,,,,,['paint'],,,,,,,,,,,,,
DrPavel,['game'],['game'],,,,['read'],,,['game'],,['game'],"['game', 'read']","['game', 'read']",,,,['read'],,,,['game'],['game'],,['game'],['game'],['game'],,,,,,['game'],,['read'],,,,,,,,"['game', 'read', 'workout']",
SannyKuro,,,,,,,['work'],,,,['creative'],,,,,,['make'],,,,['storytelling'],,,,['work'],,,,,,,,,,,['storytelling'],,,,,,,
Mintchoco,['game'],"['travel', 'game']",,,,"['travel', 'technology', 'read', 'movie']",,,"['game', 'technology']",,"['game', 'movie']","['game', 'read']","['gym', 'game', 'read']",,,,['read'],,,,['game'],['game'],,['game'],"['travel', 'game']",['game'],"['gym', 'travel']",,,"['technology', 'movie']",,"['game', 'movie']",,['read'],['travel'],['dance'],,,,"['game', 'read', 'workout']",,,['technology']
Ty29,,['cycle'],,,['sport'],['technology'],['sport'],,"['technology', 'sport']",,,,['sport'],,"['cycle', 'sport']",,,,,,,,['sport'],,,,,,,['technology'],,,"['cycle', 'sport']",,,,,,,,,['technology'],
